resource_id,resource_name
97d6786c-f16f-4aee-964d-aec71a0fcfc2,SRM_VOC_NG.csv
55c9972a-546f-4d27-bb33-e14b93d4a4a9,SRM_VOC_3221201.csv
868b28a2-0b37-4810-9fba-626fcc966f22,SRM_VOC_325180.csv
45f66d7d-541f-453a-b9b4-8af3d7830e1b,SRM_VOC_325193.csv
5af332f5-ba56-4130-9d4d-21647df932ca,SRM_VOC_331110.csv
12e1526d-4ea0-4e46-8a42-cbc40f8bb046,SRM_VOC_322130.csv
174d23e5-9435-4afa-b2fb-b0d1a0665fa9,SRM_VOC_331511.csv
e45df487-3d7b-42d5-9dc5-083fd5bda838,SRM_VOC_325120.csv
6ca7c8c3-e05b-4d2e-a2f2-212896c82b8f,SRM_VOC_322110.csv
cd475240-fb1d-4669-aff3-3635eff312ff,SRM_VOC_327310.csv
702252f7-fe35-4211-aca2-944eca0e1299,SRM_VOC_331513.csv
1344ba8e-5f91-4cee-808d-643fb83ab3e9,SRM_VOC_325311.csv
2cae55f6-da2d-408e-afd0-b3f80135f1e4,SRM_VOC_331512.csv
4cb32da0-ab7b-4269-b49c-326f829cd0c0,SRM_SO4_331110.csv
89f5b962-0a6a-42c7-ac7d-ab0ab9d7716a,SRM_SO4_327310.csv
0b0a940e-a6d5-4f72-8a86-d61043a16e02,SRM_SO4_331511.csv
38ad4358-296e-4948-bbd2-01446b1bdc5f,SRM_SO4_325180.csv
c2acfddf-5a66-44d7-a4a5-fa9ada542dd0,SRM_SO4_325193.csv
c58edd41-d9d7-4d32-a807-06161f346a51,SRM_SO4_NG.csv
b72e5219-1927-406b-a132-c053edac2e26,SRM_SO4_3221201.csv
605b8b41-e9e3-49f7-a685-5a76d8e272d9,SRM_SO4_331513.csv
9811dd75-3051-4801-aa18-dcbed82c267c,SRM_SO4_325311.csv
d3398a30-089f-4ed2-ac1c-4f8adf508783,SRM_SO4_322110.csv
5e2335be-aec9-46cb-b926-f7455b3a34de,SRM_SO4_322130.csv
4c14d0ee-1ecb-4cd1-967d-bca118a88359,SRM_SO4_325120.csv
cdc94003-adce-4ad9-8337-570fcf94ff0b,SRM_SO4_331512.csv
0e8facbc-c465-4add-9142-67d3b7f0972c,SRM_PNEGU_PMP.csv
547744ba-5e4f-4500-a5da-6ce1ccb941c8,SRM_PNEGU_SO4.csv
3e3cc35b-ccd8-45a9-b16d-e7eefdbea840,SRM_PNEGU_VOC.csv
0283c95d-b72b-4166-bdd1-a7fb61bc05b2,SRM_PNEGU_HNO3.csv
af45b4d9-5dfa-42f9-823e-2b90111f9111,SRM_PNEGU_NH3.csv
2a9a6ce4-8a3c-4fec-8878-290a2e788b32,SRM_PMP_331511.csv
6ad63822-a63e-40ad-a63d-047398038bc3,SRM_PMP_327310.csv
2319bdd5-1b12-49d4-82d9-25222d441421,SRM_PMP_322130.csv
0397a7d4-a4c0-434a-8302-bc14259bff30,SRM_PMP_325120.csv
d7f03e26-8583-401d-9da7-f6ae7619c09b,SRM_PMP_325180.csv
03a16134-89b6-438b-a2b1-7aa349329806,SRM_PMP_NG.csv
21925798-26a0-48a7-af8d-dc0f8922fe3d,SRM_PMP_325311.csv
5ef64a54-5918-4683-a148-9a7dbef8287d,SRM_PMP_325193.csv
e1df22ae-f572-41a7-9b47-ad3a8e649c21,SRM_PMP_3221201.csv
f758d27b-a15d-48b5-bb61-c45a691a25cb,SRM_PMP_331110.csv
b8dd0969-a034-4df4-983b-e6f2078d1945,SRM_PMP_331513.csv
d6896d0d-503e-4bc3-94e0-4abb10fedf2f,SRM_PMP_322110.csv
976540d8-d363-4f27-98ff-5f414b7507f4,SRM_PMP_331512.csv
ad8904b3-f2ff-406f-abb9-2dc6e6204cca,SRM_NH3_327310.csv
3fc3d016-e510-407d-b25a-afad3c37fb7a,SRM_NH3_331110.csv
8f14e201-562a-4078-a833-7bed77544e87,SRM_NH3_325193.csv
49647c91-706c-4222-a31b-63a7d868e20e,SRM_NH3_322130.csv
346ecf1c-4bf5-4807-840a-e951759d82d5,SRM_NH3_3221201.csv
682887ae-96ab-4b81-960f-4a54d3091312,SRM_NH3_325120.csv
5d6de968-4806-437a-9a58-2e85124a098a,SRM_NH3_325311.csv
35371db2-5c00-4267-8d45-74b10f53f899,SRM_NH3_331513.csv
a24b326c-7f5b-49e1-b767-38ebdf3fdf75,SRM_NH3_NG.csv
716ecba5-46c5-43f0-a1d0-12619efbbe92,SRM_NH3_322110.csv
ac9e1fdb-25a0-4842-8902-307af31a691f,SRM_NH3_325180.csv
4f794f0c-c377-4421-9028-dc22224cdfb9,SRM_NH3_331511.csv
140b3839-3490-490d-9a69-e30140ab5256,SRM_NH3_331512.csv
98cdfce2-75d6-4986-abbc-9e1541b5891e,SRM_HNO3_325193.csv
1e450679-d8b9-4bbb-b0a5-676b45283f48,SRM_HNO3_325120.csv
90eb037c-26f5-4423-8463-87cf03ac2530,SRM_HNO3_NG.csv
b3cb449a-f28c-4cc7-b27e-4fd96a7c2221,SRM_HNO3_327310.csv
e01546cb-0295-45f3-a26e-47279afa560e,SRM_HNO3_325180.csv
7afef132-3697-45ca-9bf7-9be70eb2c8bd,SRM_HNO3_325311.csv
1845dc49-90be-4b8b-9b0c-38118d04bbde,SRM_HNO3_322130.csv
457cca72-c99d-4de1-9741-0ae296302711,SRM_HNO3_331513.csv
3b60796c-47e8-4d6f-9a16-a55cb9eb0804,SRM_HNO3_322110.csv
6f2f2ce3-f0ea-4837-a743-b16d9cc6e248,SRM_HNO3_331511.csv
cd1ed53b-469c-4eed-b720-47b07312c53e,SRM_HNO3_3221201.csv
57668048-9e7b-40c1-942e-7b6db3522389,SRM_HNO3_331110.csv
eac3f0c9-3c20-458b-912d-039ddc30a1a7,SRM_HNO3_331512.csv
e7b532f0-c47d-44fe-99e6-db22e1e0139d,SRM_G_VOCB.csv
c2c6d6ec-2caf-4bfd-9c62-75d9b09cade4,SRM_G_VOC.csv
228dd8e5-3a57-44ce-b1ed-7de0b62574b2,SRM_G_PMP.csv
668bc98f-9f24-44dd-9e26-05592f682a30,SRM_G_SO4.csv
c534f448-8782-4df2-816e-bbccf13429f8,SRM_G_NH3.csv
f14e69e5-6c78-4b7a-afbd-b5ca79ab6078,SRM_G_HNO3.csv
681bd9c1-5b33-46b2-9655-80299db893c9,SRM_EGU_NH3.csv
975604d0-7cea-44bc-b472-76e142ac4aa3,SRM_EGU_VOC.csv
19754845-0218-485b-bf88-1c3caa2e731f,SRM_EGU_SO4.csv
7ed9fd54-be05-4632-bbb3-c7e41f75a6a0,SRM_EGU_PMP.csv
6dbe7991-93e7-49ce-b4b2-24de78b2aa0a,SRM_EGU_HNO3.csv
e5306c47-71f2-4102-8c71-85f9056ddff5,Emissions_PNEGU_VOC.csv
aea5602e-b69e-462c-9ec7-0645f00fb3f9,Emissions_PNEGU_NOX.csv
d980a900-fd99-41c7-a1c3-0c3a89594cda,Emissions_PNEGU_PMP.csv
b987ccb4-807a-48bb-b79d-031c4bb05dd2,Emissions_PNEGU_NH3.csv
ef6e320b-088c-44c3-8141-a139bf343bd5,Emissions_PNEGU_SO2.csv
e7b888bd-65ee-4052-81c6-cfae625c217e,Emissions_G_NH3.csv
a255cc28-e4ee-4a1a-8f80-49437378350e,Emissions_G_PMP.csv
bc05f8d0-38d4-4cea-a895-fcb730ceaf06,Emissions_G_NOX.csv
14958850-8f97-4785-b0df-3b6ad3f2987a,Emissions_G_VOC.csv
51eac99a-c00e-4b8a-a69f-86ddf27fea1d,Emissions_G_SO2.csv
666a1f14-5f61-49f4-8430-25b6583735c2,Emissions_G_VOCB.csv
2988ce5b-d0c2-47d8-88c6-1537cabe24cb,Emissions_EGU_VOC.csv
1ba35fcb-f267-4f0d-9fe2-f897a42c6884,Emissions_EGU_SO2.csv
ebb3078e-8611-432c-8235-3d3e5b1fea11,Emissions_EGU_NH3.csv
013375ee-bd65-4060-92dd-e305756f843f,Emissions_EGU_NOX.csv
8fe572a9-4521-4ab7-be98-96f7524fd7dd,Emissions_EGU_PMP.csv